id,FEMALE,studyethraw,ETHN_CMP,do1,do2,do3,do4,do5,do6,do7,psolv1,psolv2,psolv3,psolv4,psolv5,psolv6,psolv7,psolv8,SOC_STRS,BOTHR_U,negmood1,posmood1
22020,0,NA,3,NA,NA,NA,NA,NA,NA,NA,NA,NA,NA,NA,NA,NA,NA,NA,NA,NA,NA,NA
22209,1,3,3,1,0,0,1,0,1,0,0,1,0,1,0,1,1,1,0,5,2.8,2.4
22900,NA,4,4,0,0,1,0,0,0,0,0,0,0,0,1,1,0,0,1,1,1,3.6
24601,1,8,5,0,0,0,1,0,0,0,0,0,0,0,0,0,0,0,1,NA,1.8,2.8
27243,0,NA,5,NA,NA,NA,NA,NA,NA,NA,NA,NA,NA,NA,NA,NA,NA,NA,NA,NA,NA,NA
1010101,1,3,3,1,0,1,1,1,1,0,1,1,1,1,1,1,1,1,1,3,2.2,3.6
22000,0,2,2,0,0,1,1,1,0,0,0,1,0,0,0,1,0,0,0,2,1.4,3.4
22001,1,NA,5,NA,NA,NA,NA,NA,NA,NA,NA,NA,NA,NA,NA,NA,NA,NA,NA,NA,NA,NA
22002,0,2,2,1,0,1,0,1,0,0,1,1,1,1,1,1,1,0,1,1,1.6,4
22004,0,3,3,1,0,0,0,0,0,0,0,0,0,0,0,1,1,0,0,2,2.4,3
22005,1,2,2,1,0,1,0,1,1,0,1,1,1,1,0,1,1,1,1,4,3,2.2
22006,1,3,3,0,0,0,0,1,0,1,1,1,1,1,1,1,1,1,1,1,1.2,3.6
22007,0,3,3,1,0,0,1,1,1,0,0,1,1,1,1,1,0,0,0,1,1.8,3.2
22009,0,2,2,1,0,0,0,1,0,0,1,1,1,1,0,1,0,0,1,2,1,3.4
22011,1,3,3,1,0,1,0,1,1,0,0,0,0,0,0,1,1,1,1,2,2,3.2
22013,1,7,5,1,1,0,0,1,0,0,1,1,0,0,0,0,1,1,1,4,2.8,3
22015,1,2,2,0,0,1,0,0,0,0,0,0,0,0,0,0,0,0,1,2,2.2,2.4
22016,0,7,5,0,0,1,1,0,0,0,1,1,1,0,0,1,0,0,1,2,1,3.6
22018,1,4,4,1,0,0,0,0,1,0,0,0,0,1,0,1,1,0,0,4,2,3
22021,1,3,3,1,0,0,1,1,1,0,0,0,0,0,0,0,0,1,1,5,3.4,2.6
22040,1,3,3,1,0,1,0,0,0,1,1,1,1,0,1,1,1,1,1,1,2.4,2.8
22103,0,2,2,0,0,0,0,0,0,0,0,0,0,0,0,0,0,0,1,2,2.6,1.4
22106,0,7,5,0,0,0,0,0,0,1,0,0,0,0,0,0,0,0,1,1,1.4,3.6
22107,0,3,3,0,1,0,1,0,0,0,0,1,0,0,0,NA,0,0,1,2,2.2,3.4
22108,0,3,3,0,0,1,1,1,0,1,1,0,0,1,1,1,1,0,1,2,1.4,2.6
22110,1,NA,3,NA,NA,NA,NA,NA,NA,NA,NA,NA,NA,NA,NA,NA,NA,NA,NA,NA,NA,NA
22112,1,2,2,0,0,1,0,0,0,0,0,0,0,0,0,1,0,0,0,2,1.6,3.6
22113,1,7,5,1,0,1,0,1,0,0,0,1,1,1,0,1,1,0,1,2,1.2,3.2
22204,1,7,5,0,0,1,0,1,1,0,0,0,1,1,0,1,1,1,0,3,1.2,3
22205,1,2,2,1,0,1,1,1,1,0,0,0,0,0,0,0,0,1,1,2,1.6,1
22206,0,3,3,1,0,1,0,0,0,1,0,0,0,0,0,0,1,0,0,2,1.6,3.8
22211,1,NA,5,1,0,1,1,1,1,0,0,1,1,1,1,1,1,1,0,2,2.2,3
22212,1,3,3,1,0,1,0,1,1,0,0,1,0,0,0,0,0,1,0,5,3.2,1.8
22214,0,2,2,0,0,0,0,0,0,1,0,0,0,0,0,0,0,0,1,1,1.4,3.8
22218,1,2,2,0,0,1,0,1,0,1,1,0,0,0,0,1,1,0,1,1,1,3
22219,0,2,2,0,0,0,0,0,0,1,0,0,0,1,0,0,1,0,1,1,1,1.6
22220,1,3,3,1,0,0,0,1,0,0,1,1,1,1,1,1,1,1,1,1,1,4
22221,1,2,2,0,1,1,1,1,0,0,1,1,1,1,1,1,0,1,1,4,2.4,2.8
22223,NA,3,3,0,0,1,1,0,1,0,0,0,0,1,0,0,1,0,1,2,2,3.25
22224,1,2,2,0,0,0,1,1,0,0,0,1,1,0,1,1,1,1,1,1,1.2,3.2
22302,0,7,5,1,0,1,0,1,1,1,1,1,1,0,0,1,0,1,0,2,1.8,2.8
22303,0,5,2,0,0,0,0,0,0,1,0,0,0,0,0,0,0,0,1,1,2.2,2.6
22304,1,3,3,0,0,1,0,0,0,0,1,0,0,0,1,0,0,0,1,2,1,4
22305,0,NA,4,NA,NA,NA,NA,NA,NA,NA,NA,NA,NA,NA,NA,NA,NA,NA,NA,NA,NA,NA
22307,1,2,2,1,0,1,0,1,1,0,1,1,0,0,0,1,0,1,0,4,2.2,2.4
22308,1,7,5,1,0,1,NA,1,0,0,0,0,1,1,1,0,1,0,1,1,2.8,3.2
22310,1,2,2,0,0,1,0,0,0,1,0,0,0,1,0,0,1,1,0,2,2.2,3
22311,1,NA,3,NA,NA,NA,NA,NA,NA,NA,NA,NA,NA,NA,NA,NA,NA,NA,NA,NA,NA,NA
22312,0,7,5,0,0,1,0,1,0,0,0,0,0,0,0,0,0,1,0,3,2,2.2
22313,0,3,3,1,0,1,1,0,0,1,1,1,1,1,1,0,0,0,1,1,1.4,2.8
22314,0,2,2,1,0,0,0,1,0,0,1,1,1,1,1,1,1,1,1,2,1.4,3.6
22315,1,3,3,1,0,1,0,0,1,1,0,0,1,0,0,0,1,1,0,4,2.8,2.6
22317,1,2,2,1,0,1,1,0,1,1,0,0,0,0,1,1,1,1,1,2,2.2,2.8
22320,0,3,3,0,0,1,1,0,0,0,0,0,0,0,0,1,0,0,1,1,1.4,3.4
22321,1,3,3,1,0,0,1,0,0,0,1,1,1,1,1,1,1,1,0,2,2.75,3.2
22342,NA,3,3,1,0,0,0,0,1,0,0,1,0,0,0,0,0,1,1,5,3.4,1.8
22400,1,3,3,1,0,0,0,1,0,0,1,1,1,1,0,1,1,1,1,3,2,3.2
22401,1,7,5,0,0,0,0,0,0,1,0,0,0,0,0,0,NA,NA,1,1,1,3.2
22403,1,3,3,1,1,0,0,1,0,0,1,1,0,0,0,1,1,1,0,4,1,3
22407,1,3,3,0,0,0,0,0,0,1,0,0,0,0,0,0,0,0,1,2,1.8,3.2
22408,0,3,3,1,0,0,1,1,0,0,1,1,0,0,0,0,0,0,0,4,1.6,3
22409,0,2,2,1,0,0,1,1,0,0,0,1,0,0,0,0,1,1,1,2,2,2.4
22410,1,2,2,0,0,1,0,0,1,0,0,1,0,0,0,1,0,1,1,3,2.2,3
22411,1,3,3,1,0,1,1,1,0,0,1,1,1,0,0,1,1,1,0,1,1.8,3.6
22412,1,3,3,1,0,1,1,1,0,0,0,1,1,1,1,1,1,1,1,2,1.2,3.4
22414,0,2,2,0,1,1,1,1,1,1,1,1,1,1,1,1,1,1,1,2,1.6,3.2
22440,0,2,2,0,0,0,1,1,0,1,0,0,0,0,0,0,0,0,1,1,1,4
22442,0,NA,3,NA,NA,NA,NA,NA,NA,NA,NA,NA,NA,NA,NA,NA,NA,NA,NA,NA,NA,NA
22445,0,2,2,1,0,1,0,1,0,0,0,0,1,0,0,0,1,1,0,4,2.6,3.2
22500,0,7,5,0,0,0,1,1,0,0,1,1,1,1,0,1,0,1,1,1,1,4
22501,1,NA,2,NA,NA,NA,NA,NA,NA,NA,NA,NA,NA,NA,NA,NA,NA,NA,NA,NA,NA,NA
22502,1,2,2,1,0,0,1,1,0,0,1,0,1,0,0,1,1,1,1,2,1,4
22504,0,2,2,0,0,1,0,0,0,0,1,0,1,1,0,0,0,1,1,2,1.4,2.6
22505,0,NA,3,NA,NA,NA,NA,NA,NA,NA,NA,NA,NA,NA,NA,NA,NA,NA,NA,NA,NA,NA
22506,0,NA,5,1,0,0,0,1,0,0,0,1,0,1,0,0,0,0,1,2,1.8,2.4
22508,0,NA,3,NA,NA,NA,NA,NA,NA,NA,NA,NA,NA,NA,NA,NA,NA,NA,NA,NA,NA,NA
22509,1,3,3,0,0,0,1,0,0,0,0,0,0,0,0,0,0,0,1,1,1,3
22510,0,2,2,0,0,1,0,0,0,1,0,0,0,0,0,0,0,0,1,1,2.4,2.4
22511,1,2,2,1,0,0,0,0,0,1,0,0,0,1,0,1,0,1,1,3,1.6,3.8
22512,1,2,2,0,0,0,1,0,1,0,1,0,0,0,0,1,1,0,1,4,1,2.4
22513,0,6,5,1,0,0,0,0,0,0,1,1,1,1,0,1,1,1,1,2,1,4
22516,1,7,5,0,0,1,0,0,0,1,1,1,1,1,0,1,1,0,0,3,2.8,1.8
22540,0,2,2,0,0,1,1,0,0,1,0,1,1,1,0,1,1,0,1,1,1,3
22541,0,2,2,1,0,0,1,0,0,0,1,1,1,1,0,1,1,1,1,1,1,4
22544,0,2,2,0,0,0,0,0,0,0,0,0,0,0,0,0,0,0,1,1,1,1.2
22602,1,3,3,1,0,0,0,0,1,0,0,0,0,0,0,0,0,0,1,3,1.8,3.2
22606,1,2,2,1,0,1,0,1,0,1,0,0,1,0,0,0,0,0,0,2,3,2.4
22608,1,3,3,1,0,1,0,0,1,0,1,1,0,0,0,0,1,1,0,3,1.4,3.6
22610,0,2,2,0,0,0,0,0,0,0,1,0,0,0,0,0,0,0,1,3,1,2.6
22613,1,3,3,1,0,0,1,1,0,0,1,1,1,1,1,0,0,0,0,4,1.4,3.2
22614,1,2,2,NA,NA,NA,NA,NA,NA,NA,NA,NA,NA,NA,NA,NA,NA,NA,NA,NA,NA,NA
22615,1,3,3,0,0,0,1,0,1,1,0,0,0,0,0,0,0,0,1,3,1.8,2.8
22616,1,3,3,1,0,0,1,1,1,0,1,1,1,1,0,1,0,0,0,4,2.4,3
22642,0,2,2,1,0,1,NA,1,0,0,1,1,1,1,1,1,1,0,1,NA,1.8,3.6
22700,1,NA,5,NA,NA,NA,NA,NA,NA,NA,NA,NA,NA,NA,NA,NA,NA,NA,NA,NA,NA,NA
22704,0,NA,3,NA,NA,NA,NA,NA,NA,NA,NA,NA,NA,NA,NA,NA,NA,NA,NA,NA,NA,NA
22705,1,3,3,1,1,1,1,1,1,1,1,1,1,1,1,1,1,1,1,1,3.8,1.4
22707,0,2,2,0,0,0,0,0,0,1,0,0,0,0,0,0,0,0,1,2,1.6,3.6
22708,1,7,5,0,1,1,1,1,1,0,0,0,0,0,0,0,1,0,1,2,2.4,3
22709,1,3,3,1,0,1,0,1,1,0,1,1,1,0,1,1,1,1,1,4,3.2,1.6
22710,1,7,5,1,0,1,0,1,1,0,0,1,0,1,0,1,0,1,1,4,3.4,2.4
22711,1,2,2,0,0,1,0,0,1,1,0,0,0,0,0,0,0,0,0,4,3,2.2
22715,1,NA,2,NA,NA,NA,NA,NA,NA,NA,NA,NA,NA,NA,NA,NA,NA,NA,NA,NA,NA,NA
22718,0,3,3,0,0,1,1,1,0,0,0,1,1,1,0,1,1,1,1,2,1,3.6
22719,1,2,2,1,0,0,1,0,0,0,0,0,0,0,0,0,0,0,1,2,2.6,2.8
22740,0,7,5,0,0,0,0,1,0,0,1,1,1,0,0,1,1,0,0,2,1.8,3.2
22742,0,2,2,1,0,1,1,1,1,0,0,1,1,1,1,1,0,1,1,4,2,3.8
22800,0,3,3,1,0,0,0,1,0,0,0,0,0,1,0,1,1,0,1,2,1.6,3
22801,1,5,2,1,0,1,1,1,1,1,1,1,0,1,0,1,1,1,0,4,2.2,2.6
22803,0,2,2,0,0,0,0,1,0,1,1,1,0,1,1,0,0,1,1,3,2.4,3
22804,1,7,5,1,0,1,0,0,0,0,0,1,0,1,0,1,0,0,1,2,2,3.4
22806,1,7,5,1,0,0,0,0,0,1,0,1,1,1,1,1,1,0,0,4,3.2,1.6
22808,0,8,5,0,0,0,1,0,0,0,0,1,0,0,0,0,0,0,1,2,1,3
22812,0,3,3,0,0,0,0,0,0,1,0,0,0,0,0,0,0,0,1,2,2.4,2.6
22814,0,7,5,0,0,0,0,0,0,0,0,0,0,0,0,0,0,0,1,1,1,3
22815,1,2,2,0,0,1,1,0,0,0,1,0,1,0,0,0,0,1,1,2,1.4,3.4
22816,1,4,4,1,0,1,0,0,1,0,1,1,0,0,0,1,1,1,1,3,2.4,2.4
22820,0,2,2,0,0,0,0,0,0,1,0,0,0,0,0,0,0,0,1,1,1,2.4
22821,1,NA,3,NA,NA,NA,NA,NA,NA,NA,NA,NA,NA,NA,NA,NA,NA,NA,NA,NA,NA,NA
23001,0,5,2,0,0,0,0,0,0,0,0,0,0,0,0,0,0,0,1,NA,2.2,3.6
23003,1,2,2,0,0,1,1,1,0,0,1,0,1,0,0,0,1,1,1,3,2,2.4
23010,0,4,4,0,1,1,1,1,0,0,1,1,1,1,1,1,NA,0,0,3,2.4,2.6
23020,0,5,2,0,0,1,1,1,0,0,1,1,1,1,1,1,1,1,1,2,1,4
23029,1,NA,4,NA,NA,NA,NA,NA,NA,NA,NA,NA,NA,NA,NA,NA,NA,NA,NA,NA,NA,NA
23108,1,NA,4,NA,NA,NA,NA,NA,NA,NA,NA,NA,NA,NA,NA,NA,NA,NA,NA,NA,NA,NA
23118,0,2,2,1,0,1,0,1,1,1,1,1,1,1,0,1,1,1,0,2,3.4,3.4
23122,1,NA,5,NA,NA,NA,NA,NA,NA,NA,NA,NA,NA,NA,NA,NA,NA,NA,NA,NA,NA,NA
23201,0,5,2,1,0,1,1,1,0,1,0,0,0,0,1,1,0,1,1,2,2,3.8
23206,1,NA,5,NA,NA,NA,NA,NA,NA,NA,NA,NA,NA,NA,NA,NA,NA,NA,NA,NA,NA,NA
23207,1,NA,4,NA,NA,NA,NA,NA,NA,NA,NA,NA,NA,NA,NA,NA,NA,NA,NA,NA,NA,NA
23208,0,4,4,1,0,1,0,1,0,1,1,0,1,1,1,1,1,1,NA,NA,1.6,4
23214,0,7,5,1,0,1,1,0,0,0,0,0,0,0,0,0,0,0,1,1,1,3.8
23216,0,NA,5,NA,NA,NA,NA,NA,NA,NA,NA,NA,NA,NA,NA,NA,NA,NA,NA,NA,NA,NA
23217,0,5,2,0,0,0,1,0,0,0,0,0,0,0,0,0,0,0,1,3,1,1.6
23227,0,4,4,1,0,1,1,1,0,1,0,0,0,0,0,0,0,0,1,NA,1,3
23301,0,3,3,0,1,1,1,1,0,0,0,1,0,0,1,0,0,0,0,4,1,2.6
23305,1,4,4,0,0,0,0,0,0,1,0,0,0,0,0,0,0,0,1,1,1.6,3
23309,1,8,5,0,0,0,0,0,0,0,0,0,0,0,0,0,0,0,1,1,2.2,1.4
23313,1,4,4,0,0,1,1,1,0,1,1,1,1,1,1,1,1,1,1,1,3,3.6
23320,0,NA,5,0,1,0,0,1,0,1,1,1,1,1,1,1,1,1,1,1,2.25,2.8
23322,1,4,4,0,0,1,0,0,1,1,1,0,0,1,0,1,1,0,0,3,1.6,3.6
23400,1,4,4,1,0,1,0,1,0,0,1,1,1,1,0,1,1,1,1,1,1.4,3.75
23403,1,7,5,1,1,0,0,1,1,0,1,1,0,0,0,0,1,1,0,4,2.2,3.4
23405,1,NA,5,NA,NA,NA,NA,NA,NA,NA,NA,NA,NA,NA,NA,NA,NA,NA,NA,NA,NA,NA
23410,1,NA,4,NA,NA,NA,NA,NA,NA,NA,NA,NA,NA,NA,NA,NA,NA,NA,NA,NA,NA,NA
23411,1,2,2,0,0,0,0,0,0,0,0,0,0,0,0,1,0,0,1,2,1.4,2.8
23413,0,NA,2,NA,NA,NA,NA,NA,NA,NA,NA,NA,NA,NA,NA,NA,NA,NA,NA,NA,NA,NA
23422,1,4,4,0,1,1,1,1,1,0,0,1,0,0,1,1,1,1,0,5,2,2.6
23425,0,7,5,1,0,1,0,0,1,1,1,1,0,0,0,0,1,1,1,NA,1.5,3.2
23444,1,5,2,0,0,0,0,0,0,1,0,0,0,1,0,0,0,0,1,5,1.6,2.2
23501,1,5,2,0,0,0,0,0,1,1,1,1,1,0,0,0,1,1,1,5,3.8,1
23505,0,NA,2,NA,NA,NA,NA,NA,NA,NA,NA,NA,NA,NA,NA,NA,NA,NA,NA,NA,NA,NA
23506,1,NA,4,NA,NA,NA,NA,NA,NA,NA,NA,NA,NA,NA,NA,NA,NA,NA,NA,NA,NA,NA
23510,1,3,3,0,0,1,0,0,1,1,0,0,0,0,0,0,0,0,1,2,2.2,1.6
23515,0,5,2,1,0,0,1,1,1,0,1,1,1,1,0,1,1,1,0,2,3.2,2.8
23518,1,8,5,1,0,0,0,1,0,0,1,1,1,1,0,1,1,0,1,2,1.8,3.4
23519,1,NA,2,NA,NA,NA,NA,NA,NA,NA,NA,NA,NA,NA,NA,NA,NA,NA,NA,NA,NA,NA
23520,1,5,2,0,0,0,1,1,1,1,1,1,0,0,0,1,1,1,0,3,3.2,2.4
23524,1,4,4,0,0,1,0,0,0,1,1,0,1,0,0,1,0,0,1,4,2.6,2
23525,1,NA,4,NA,NA,NA,NA,NA,NA,NA,NA,NA,NA,NA,NA,NA,NA,NA,NA,NA,NA,NA
23527,0,4,4,1,0,0,1,0,0,1,0,0,0,0,1,0,0,0,1,1,1.4,3.2
23528,1,4,4,0,0,0,0,1,0,0,1,1,0,0,0,1,1,1,0,4,3.2,2.2
23529,1,4,4,0,0,1,1,1,0,0,0,0,0,1,1,1,1,1,1,3,1,3.8
23600,1,8,5,0,0,1,1,0,0,1,0,0,0,0,0,1,1,0,NA,2,1.2,2.8
23604,0,4,4,0,0,0,0,0,0,1,0,0,0,0,0,0,0,0,1,1,1,3.2
23617,0,4,4,0,0,0,0,1,0,1,0,0,0,0,0,0,0,0,1,NA,1,3.6
23623,1,8,5,1,0,0,1,0,0,0,0,1,0,0,0,0,0,0,0,5,2.2,1.6
23700,1,5,2,1,0,1,0,1,1,0,0,1,1,0,0,0,1,0,1,4,3.6,2.2
23709,1,NA,4,NA,NA,NA,NA,NA,NA,NA,NA,NA,NA,NA,NA,NA,NA,NA,NA,NA,NA,NA
23714,0,3,3,0,0,0,0,0,0,1,0,0,0,0,0,0,0,0,1,1,1,3.6
23725,0,4,4,1,1,1,0,1,1,0,1,0,0,0,0,0,0,1,0,1,1,2.8
23741,0,4,4,0,0,0,0,1,0,0,1,1,1,0,1,1,1,1,1,1,1.6,3.4
23748,0,NA,3,NA,NA,NA,NA,NA,NA,NA,NA,NA,NA,NA,NA,NA,NA,NA,NA,NA,NA,NA
23753,1,NA,4,NA,NA,NA,NA,NA,NA,NA,NA,NA,NA,NA,NA,NA,NA,NA,NA,NA,NA,NA
23802,1,1,1,0,0,0,0,0,0,0,0,0,0,0,0,0,0,0,1,1,1,3.6
23803,1,5,2,0,0,1,0,1,0,1,0,1,0,0,0,1,0,1,1,3,1.6,2.4
23811,1,4,4,1,0,1,0,1,0,1,1,1,0,0,0,1,1,1,0,3,1.2,2.8
23815,1,6,5,0,0,1,0,0,1,0,1,1,1,0,0,1,1,1,1,4,1.8,2.2
23828,1,2,2,1,0,1,1,0,1,1,1,0,0,0,0,0,1,1,1,4,3.6,2.4
23831,1,7,5,1,0,0,1,1,0,0,1,1,0,0,0,0,0,1,1,2,1.4,4
24020,1,NA,5,NA,NA,NA,NA,NA,NA,NA,NA,NA,NA,NA,NA,NA,NA,NA,NA,NA,NA,NA
24104,0,NA,2,NA,NA,NA,NA,NA,NA,NA,NA,NA,NA,NA,NA,NA,NA,NA,NA,NA,NA,NA
24112,0,NA,2,NA,NA,NA,NA,NA,NA,NA,NA,NA,NA,NA,NA,NA,NA,NA,NA,NA,NA,NA
24315,0,3,3,1,0,0,0,0,0,0,0,1,0,0,0,1,0,0,1,1,1,3.2
24405,1,4,4,1,0,1,1,1,0,1,0,NA,0,1,1,1,1,1,1,1,1.2,3.8
24413,0,4,4,0,0,1,1,0,0,1,0,0,1,1,1,1,1,0,1,1,1,3
24417,0,NA,4,NA,NA,NA,NA,NA,NA,NA,NA,NA,NA,NA,NA,NA,NA,NA,NA,NA,NA,NA
24418,1,5,2,1,0,1,1,1,0,0,1,1,1,0,1,1,1,0,1,1,2.2,2.8
24425,1,NA,4,NA,NA,NA,NA,NA,NA,NA,NA,NA,NA,NA,NA,NA,NA,NA,NA,NA,NA,NA
24426,1,8,5,0,1,0,0,1,1,0,0,0,0,0,0,0,1,0,1,5,3,2
24807,0,NA,4,NA,NA,NA,NA,NA,NA,NA,NA,NA,NA,NA,NA,NA,NA,NA,NA,NA,NA,NA
24902,0,NA,5,NA,NA,NA,NA,NA,NA,NA,NA,NA,NA,NA,NA,NA,NA,NA,NA,NA,NA,NA
24906,0,4,4,0,0,1,1,1,0,0,1,1,NA,0,0,0,1,1,1,2,1.4,3.2
24921,1,1,1,1,0,0,0,0,0,0,0,0,0,0,0,0,0,0,1,4,1,2.2
26015,0,NA,5,NA,NA,NA,NA,NA,NA,NA,NA,NA,NA,NA,NA,NA,NA,NA,NA,NA,NA,NA
26016,0,NA,3,NA,NA,NA,NA,NA,NA,NA,NA,NA,NA,NA,NA,NA,NA,NA,NA,NA,NA,NA
26017,1,NA,4,NA,NA,NA,NA,NA,NA,NA,NA,NA,NA,NA,NA,NA,NA,NA,NA,NA,NA,NA
26021,0,NA,5,NA,NA,NA,NA,NA,NA,NA,NA,NA,NA,NA,NA,NA,NA,NA,NA,NA,NA,NA
26023,1,NA,3,NA,NA,NA,NA,NA,NA,NA,NA,NA,NA,NA,NA,NA,NA,NA,NA,NA,NA,NA
26024,1,NA,4,NA,NA,NA,NA,NA,NA,NA,NA,NA,NA,NA,NA,NA,NA,NA,NA,NA,NA,NA
26025,1,NA,4,NA,NA,NA,NA,NA,NA,NA,NA,NA,NA,NA,NA,NA,NA,NA,NA,NA,NA,NA
26028,0,NA,2,NA,NA,NA,NA,NA,NA,NA,NA,NA,NA,NA,NA,NA,NA,NA,NA,NA,NA,NA
26029,1,NA,5,NA,NA,NA,NA,NA,NA,NA,NA,NA,NA,NA,NA,NA,NA,NA,NA,NA,NA,NA
26031,0,NA,5,NA,NA,NA,NA,NA,NA,NA,NA,NA,NA,NA,NA,NA,NA,NA,NA,NA,NA,NA
26033,0,NA,4,NA,NA,NA,NA,NA,NA,NA,NA,NA,NA,NA,NA,NA,NA,NA,NA,NA,NA,NA
26034,1,NA,4,NA,NA,NA,NA,NA,NA,NA,NA,NA,NA,NA,NA,NA,NA,NA,NA,NA,NA,NA
26048,1,NA,4,NA,NA,NA,NA,NA,NA,NA,NA,NA,NA,NA,NA,NA,NA,NA,NA,NA,NA,NA
26049,0,NA,4,NA,NA,NA,NA,NA,NA,NA,NA,NA,NA,NA,NA,NA,NA,NA,NA,NA,NA,NA
26104,1,NA,5,NA,NA,NA,NA,NA,NA,NA,NA,NA,NA,NA,NA,NA,NA,NA,NA,NA,NA,NA
26105,0,5,2,0,0,1,1,1,1,1,1,1,1,1,1,1,1,1,1,1,2.8,2.8
26113,0,4,4,0,0,0,0,0,0,0,0,1,0,0,0,1,0,0,1,3,1.8,2.8
26116,0,NA,5,NA,NA,NA,NA,NA,NA,NA,NA,NA,NA,NA,NA,NA,NA,NA,NA,NA,NA,NA
26124,1,NA,4,NA,NA,NA,NA,NA,NA,NA,NA,NA,NA,NA,NA,NA,NA,NA,NA,NA,NA,NA
26201,0,4,4,0,0,0,0,1,NA,0,0,1,1,1,0,0,1,1,0,2,1.2,3.2
26202,1,NA,2,NA,NA,NA,NA,NA,NA,NA,NA,NA,NA,NA,NA,NA,NA,NA,NA,NA,NA,NA
26204,1,NA,4,NA,NA,NA,NA,NA,NA,NA,NA,NA,NA,NA,NA,NA,NA,NA,NA,NA,NA,NA
26211,0,5,2,0,0,0,0,0,0,0,0,0,0,1,0,0,0,0,1,2,1,3.4
26224,1,NA,4,NA,NA,NA,NA,NA,NA,NA,NA,NA,NA,NA,NA,NA,NA,NA,NA,NA,NA,NA
26229,0,NA,4,NA,NA,NA,NA,NA,NA,NA,NA,NA,NA,NA,NA,NA,NA,NA,NA,NA,NA,NA
26301,1,4,4,1,0,1,1,1,0,0,1,1,1,1,1,1,1,1,1,1,1.6,3.6
26304,1,8,5,0,0,1,1,1,0,1,1,1,1,1,1,1,1,1,1,2,1,3.6
26306,0,5,2,0,0,0,0,0,0,1,0,0,0,0,0,0,0,0,1,2,1.4,2.6
26307,0,NA,3,NA,NA,NA,NA,NA,NA,NA,NA,NA,NA,NA,NA,NA,NA,NA,NA,NA,NA,NA
26308,1,3,3,0,1,0,0,0,1,0,0,0,1,0,1,1,1,1,0,1,1.6,2.8
26309,0,5,2,1,0,1,1,1,1,0,1,1,1,0,1,1,1,1,1,3,1.6,3.4
26401,1,8,5,1,0,1,1,1,0,1,1,1,1,1,1,1,1,1,0,3,2.4,3
26402,1,5,2,0,0,1,1,1,1,0,0,0,0,1,1,1,1,1,1,4,2.2,2
26403,0,3,3,0,0,0,0,0,0,0,0,0,0,0,0,0,0,0,0,1,1,3.6
26406,1,7,5,0,0,0,1,0,0,1,0,0,0,0,0,0,0,0,0,2,1.4,3
26407,1,4,4,1,0,1,1,0,0,1,0,0,0,1,0,0,0,0,1,1,1,4
26410,0,4,4,1,0,0,0,1,0,0,1,1,1,1,1,1,1,1,0,5,1.2,3.8
26411,0,NA,4,NA,NA,NA,NA,NA,NA,NA,NA,NA,NA,NA,NA,NA,NA,NA,NA,NA,NA,NA
26412,1,8,5,0,0,1,1,1,1,0,1,0,0,0,0,NA,1,1,1,4,3,2
26413,1,7,5,0,0,1,1,1,0,0,1,1,0,0,0,1,1,1,0,3,2.8,2.6
26414,1,2,2,1,0,1,0,1,0,1,0,0,0,0,0,1,0,1,0,3,1.6,2.2
26417,1,3,3,0,0,0,0,0,0,1,0,0,0,0,0,0,0,0,1,4,2.4,2.6
26420,1,NA,4,NA,NA,NA,NA,NA,NA,NA,NA,NA,NA,NA,NA,NA,NA,NA,NA,NA,NA,NA
26603,1,NA,4,NA,NA,NA,NA,NA,NA,NA,NA,NA,NA,NA,NA,NA,NA,NA,NA,NA,NA,NA
26605,1,4,4,1,0,0,0,0,0,0,0,1,1,1,1,1,1,1,1,5,1.2,3.2
26614,0,NA,4,NA,NA,NA,NA,NA,NA,NA,NA,NA,NA,NA,NA,NA,NA,NA,NA,NA,NA,NA
26615,1,4,4,1,0,1,1,0,0,0,1,1,0,0,0,1,1,1,0,1,2.2,2.6
26616,1,NA,4,NA,NA,NA,NA,NA,NA,NA,NA,NA,NA,NA,NA,NA,NA,NA,NA,NA,NA,NA
26617,1,4,4,1,0,0,0,0,0,1,0,1,0,1,0,1,0,0,1,2,1.4,3.6
26618,1,NA,5,0,0,1,1,1,1,1,0,1,0,0,0,0,0,0,0,5,3,1.8
26619,0,4,4,0,0,1,0,1,0,0,0,0,1,1,1,1,1,1,0,3,2.2,3.2
26622,0,NA,3,NA,NA,NA,NA,NA,NA,NA,NA,NA,NA,NA,NA,NA,NA,NA,NA,NA,NA,NA
26627,0,4,4,0,1,1,0,0,0,1,0,0,1,1,0,1,1,1,1,2,1,3.4
26630,1,NA,4,NA,NA,NA,NA,NA,NA,NA,NA,NA,NA,NA,NA,NA,NA,NA,NA,NA,NA,NA
26631,1,6,5,1,0,1,0,1,0,0,1,1,1,1,0,1,0,1,1,3,2.2,3
26633,1,NA,5,NA,NA,NA,NA,NA,NA,NA,NA,NA,NA,NA,NA,NA,NA,NA,NA,NA,NA,NA
26636,NA,4,4,1,0,1,0,0,0,0,0,0,0,0,0,0,0,0,1,1,2.4,1.8
26637,0,4,4,0,0,0,0,0,0,1,0,0,0,1,0,0,1,0,1,2,1.2,3.2
26638,1,1,1,0,0,0,0,0,0,0,0,0,0,0,0,0,0,0,1,1,1,3.6
26639,1,7,5,0,0,1,0,1,0,0,1,1,0,0,0,1,1,1,1,2,2,3
26643,1,NA,5,NA,NA,NA,NA,NA,NA,NA,NA,NA,NA,NA,NA,NA,NA,NA,NA,NA,NA,NA
26655,1,4,4,0,0,1,1,0,0,1,0,NA,0,0,0,0,0,0,1,1,1.2,3.6
26656,0,5,2,0,0,0,0,NA,0,0,0,0,1,0,1,1,1,0,1,1,1.8,3
26657,NA,4,4,0,0,1,1,1,0,1,1,1,1,1,1,1,1,1,1,NA,1,3.4
26660,1,3,3,0,0,1,0,1,1,1,1,1,0,0,0,1,1,1,1,5,2.6,1.8
26665,0,4,4,1,0,0,0,1,0,0,0,0,0,0,0,1,0,0,1,2,1.4,3
26667,0,4,4,1,0,0,0,0,NA,0,0,0,0,0,0,0,0,0,1,NA,1.8,3.2
26672,1,NA,4,NA,NA,NA,NA,NA,NA,NA,NA,NA,NA,NA,NA,NA,NA,NA,NA,NA,NA,NA
26674,1,4,4,1,0,1,0,0,0,1,0,1,1,0,1,1,1,1,1,3,1.8,3.2
26679,0,NA,5,NA,NA,NA,NA,NA,NA,NA,NA,NA,NA,NA,NA,NA,NA,NA,NA,NA,NA,NA
26683,0,2,2,0,1,1,0,1,0,0,0,1,0,0,0,1,0,1,0,4,1.8,2.8
26689,1,NA,5,NA,NA,NA,NA,NA,NA,NA,NA,NA,NA,NA,NA,NA,NA,NA,NA,NA,NA,NA
26704,1,4,4,0,1,1,1,0,0,1,0,0,1,1,0,1,1,1,1,1,1.8,3
26706,0,3,3,0,1,1,0,1,1,1,0,0,0,0,0,1,1,1,0,2,2.2,2.4
26709,0,NA,2,NA,NA,NA,NA,NA,NA,NA,NA,NA,NA,NA,NA,NA,NA,NA,NA,NA,NA,NA
26714,1,4,4,0,0,1,1,1,0,0,0,1,1,0,0,1,1,1,1,3,2.8,2.4
26720,1,NA,4,NA,NA,NA,NA,NA,NA,NA,NA,NA,NA,NA,NA,NA,NA,NA,NA,NA,NA,NA
26722,1,4,4,0,0,1,1,0,0,1,0,0,0,0,0,1,0,1,1,1,2.8,3.4
26725,0,3,3,0,0,1,1,1,0,0,0,1,1,0,0,1,1,1,1,2,1.8,3
26729,1,2,2,1,0,1,0,1,0,0,1,1,1,1,0,1,1,1,1,2,1.4,3.8
26730,1,NA,2,NA,NA,NA,NA,NA,NA,NA,NA,NA,NA,NA,NA,NA,NA,NA,NA,NA,NA,NA
26733,1,7,5,1,1,1,1,0,0,0,0,0,0,0,0,1,0,0,0,2,1,3.6
26734,1,4,4,1,0,0,0,1,0,1,0,1,0,0,0,0,1,0,0,2,1.2,3.2
26737,0,1,1,0,0,1,1,1,0,0,0,1,0,1,1,0,0,0,1,2,1.2,2.4
26738,0,2,2,1,0,0,0,0,0,0,1,1,1,1,0,1,1,0,1,2,1.8,3.6
26741,1,7,5,1,0,0,0,1,0,0,1,NA,NA,NA,NA,NA,NA,NA,NA,2,1.6,2.8
26745,1,4,4,1,0,1,0,1,1,0,0,1,0,0,0,1,0,1,0,4,2,3
26749,0,3,3,0,0,0,0,1,0,1,0,1,0,0,0,1,1,1,1,2,2.6,3.2
26765,1,NA,4,NA,NA,NA,NA,NA,NA,NA,NA,NA,NA,NA,NA,NA,NA,NA,NA,NA,NA,NA
26776,1,NA,5,NA,NA,NA,NA,NA,NA,NA,NA,NA,NA,NA,NA,NA,NA,NA,NA,NA,NA,NA
26782,0,NA,4,NA,NA,NA,NA,NA,NA,NA,NA,NA,NA,NA,NA,NA,NA,NA,NA,NA,NA,NA
26804,1,NA,3,NA,NA,NA,NA,NA,NA,NA,NA,NA,NA,NA,NA,NA,NA,NA,NA,NA,NA,NA
26806,1,4,4,0,1,1,0,1,1,1,0,0,0,0,1,1,1,0,1,3,2,2
26813,0,NA,5,NA,NA,NA,NA,NA,NA,NA,NA,NA,NA,NA,NA,NA,NA,NA,NA,NA,NA,NA
26814,1,NA,4,NA,NA,NA,NA,NA,NA,NA,NA,NA,NA,NA,NA,NA,NA,NA,NA,NA,NA,NA
26822,1,NA,4,NA,NA,NA,NA,NA,NA,NA,NA,NA,NA,NA,NA,NA,NA,NA,NA,NA,NA,NA
26903,1,4,4,1,1,0,0,0,0,0,0,1,0,0,0,0,1,0,0,5,1.4,1.4
26904,1,4,4,0,0,0,0,0,0,0,1,0,0,1,0,0,0,0,1,3,1.8,3
26909,1,NA,3,NA,NA,NA,NA,NA,NA,NA,NA,NA,NA,NA,NA,NA,NA,NA,NA,NA,NA,NA
26911,0,4,4,0,0,0,1,0,0,1,0,1,0,0,1,0,0,0,1,1,1.2,3.8
26921,1,4,4,0,0,0,0,0,1,0,0,0,0,0,0,0,0,0,1,2,2,1.4
26924,0,4,4,1,0,1,1,1,0,0,1,1,1,1,1,1,1,1,0,4,1.2,3.4
26930,0,7,5,1,0,1,1,1,0,0,0,0,0,0,0,0,0,0,0,3,2,3
26931,1,4,4,1,0,1,1,1,0,1,1,1,1,1,0,1,1,1,1,2,2,3.8
26932,1,3,3,1,0,0,0,0,0,0,0,0,0,0,0,0,0,0,1,2,2,3.2
26935,1,8,5,0,0,0,1,0,0,1,0,0,0,0,0,0,0,0,1,1,1.4,3.4
26937,1,NA,4,NA,NA,NA,NA,NA,NA,NA,NA,NA,NA,NA,NA,NA,NA,NA,NA,NA,NA,NA
26945,0,NA,3,NA,NA,NA,NA,NA,NA,NA,NA,NA,NA,NA,NA,NA,NA,NA,NA,NA,NA,NA
26951,0,2,2,1,0,0,0,1,0,0,0,1,1,1,1,1,1,1,1,2,1,3.6
26952,1,5,2,1,0,0,1,1,0,0,1,1,1,1,1,1,1,1,1,2,1,3.8
26954,1,8,5,1,0,1,1,1,0,0,0,1,1,0,0,1,1,0,0,3,2.4,2.6
26956,1,4,4,1,0,1,1,1,1,1,0,1,1,1,0,1,1,1,0,5,3,3.2
26957,1,NA,2,NA,NA,NA,NA,NA,NA,NA,NA,NA,NA,NA,NA,NA,NA,NA,NA,NA,NA,NA
26960,0,3,3,1,0,1,1,1,0,0,0,1,1,0,0,1,1,1,1,4,1.6,3.8
26962,0,3,3,1,0,0,1,0,0,0,0,0,1,0,0,1,1,0,1,2,2.2,2.8
26966,0,8,5,1,1,0,1,0,0,0,0,1,0,0,0,0,1,0,0,4,2,2.75
26984,1,NA,5,NA,NA,NA,NA,NA,NA,NA,NA,NA,NA,NA,NA,NA,NA,NA,NA,NA,NA,NA
27105,1,3,3,1,0,1,0,1,0,0,1,1,1,1,0,1,0,0,0,2,1.8,3.6
27106,0,8,5,1,0,0,1,1,0,0,0,1,0,1,0,1,0,0,1,2,1.6,2.6
27107,0,4,4,0,0,1,1,1,1,1,0,0,0,0,0,1,0,1,0,2,3.2,2.6
27108,1,4,4,0,0,0,0,0,1,1,0,0,0,0,0,1,1,0,0,2,1.4,3.4
27109,0,2,2,0,1,0,1,0,0,1,0,0,0,0,1,1,0,0,1,2,1.2,3
27114,0,1,1,0,0,1,1,1,0,1,0,1,1,1,1,1,1,1,1,3,1,3.4
27120,1,2,2,1,0,0,0,1,0,0,1,1,1,1,1,1,0,0,1,2,1,3.2
27122,1,2,2,1,0,1,0,0,0,1,0,0,0,1,0,0,0,0,0,3,1.2,3.2
27127,1,3,3,0,0,0,0,0,0,1,0,1,0,0,0,0,0,1,1,3,3,2.2
27130,0,NA,2,NA,NA,NA,NA,NA,NA,NA,NA,NA,NA,NA,NA,NA,NA,NA,NA,NA,NA,NA
27131,0,NA,2,NA,NA,NA,NA,NA,NA,NA,NA,NA,NA,NA,NA,NA,NA,NA,NA,NA,NA,NA
27136,1,3,3,1,0,1,0,0,1,0,1,1,0,1,0,1,0,1,1,3,2,3.8
27148,0,4,4,0,0,0,0,0,0,1,0,0,0,0,0,1,0,0,1,2,1.8,3.8
27149,1,2,2,0,0,0,0,0,0,0,1,1,1,0,0,0,1,1,1,4,2.8,2.6
27150,1,2,2,0,0,0,0,0,0,1,0,0,0,0,0,0,0,0,1,3,3.4,2.6
27157,0,NA,3,NA,NA,NA,NA,NA,NA,NA,NA,NA,NA,NA,NA,NA,NA,NA,NA,NA,NA,NA
27169,1,NA,3,NA,NA,NA,NA,NA,NA,NA,NA,NA,NA,NA,NA,NA,NA,NA,NA,NA,NA,NA
27179,0,NA,2,NA,NA,NA,NA,NA,NA,NA,NA,NA,NA,NA,NA,NA,NA,NA,NA,NA,NA,NA
27223,1,3,3,0,0,1,0,1,1,1,0,0,0,0,0,1,1,0,0,4,2.2,2.6
27225,1,3,3,1,0,1,0,1,0,1,1,0,0,0,0,0,1,1,1,2,4,2.4
27234,1,NA,2,NA,NA,NA,NA,NA,NA,NA,NA,NA,NA,NA,NA,NA,NA,NA,NA,NA,NA,NA
27238,0,3,3,0,0,0,0,0,0,1,0,0,0,0,0,0,0,0,1,1,1,3.2
27246,1,4,4,1,0,0,0,0,0,1,0,0,0,0,0,0,1,0,1,1,1,3
27253,0,2,2,1,0,1,1,1,0,0,1,1,1,1,1,1,1,1,1,1,2.2,3
27255,0,1,1,0,0,0,0,0,0,1,1,1,1,0,0,1,1,1,1,2,2,1.8
27260,0,NA,3,NA,NA,NA,NA,NA,NA,NA,NA,NA,NA,NA,NA,NA,NA,NA,NA,NA,NA,NA
27262,0,2,2,1,0,1,1,1,0,0,1,1,1,0,1,1,0,1,1,2,1,3.6
27265,0,2,2,0,0,1,0,1,0,0,1,1,1,1,1,1,1,1,1,1,1.2,3.8
27267,0,NA,5,NA,NA,NA,NA,NA,NA,NA,NA,NA,NA,NA,NA,NA,NA,NA,NA,NA,NA,NA
27268,0,4,4,0,0,1,1,0,0,1,0,0,0,1,1,0,0,0,1,1,1,2.8
27270,1,7,5,1,0,1,1,0,1,0,0,0,0,0,1,1,1,1,0,3,2.8,2.6
27271,1,3,3,0,0,0,0,0,0,1,0,0,0,0,0,0,1,0,1,3,1.8,2.2
27304,0,NA,1,NA,NA,NA,NA,NA,NA,NA,NA,NA,NA,NA,NA,NA,NA,NA,NA,NA,NA,NA
27306,1,2,2,1,0,0,1,0,0,1,1,1,1,0,1,1,0,0,0,2,3.2,2.4
27308,0,7,5,1,0,0,0,1,0,0,0,1,0,0,0,1,1,1,1,4,1.6,2.6
27310,0,3,3,0,1,1,0,1,0,1,0,1,1,0,0,1,1,1,1,3,1,3.8
27319,0,NA,3,NA,NA,NA,NA,NA,NA,NA,NA,NA,NA,NA,NA,NA,NA,NA,NA,NA,NA,NA
27320,1,NA,5,NA,NA,NA,NA,NA,NA,NA,NA,NA,NA,NA,NA,NA,NA,NA,NA,NA,NA,NA
27325,1,3,3,1,0,1,1,1,0,1,1,1,1,0,0,1,0,0,1,1,1.4,3.2
27326,1,2,2,1,0,1,0,1,0,0,1,1,1,1,0,1,0,1,0,3,2.2,3.2
27331,1,2,2,0,0,0,0,0,0,1,1,1,1,1,0,0,1,1,1,2,1.4,1.8
27338,0,NA,4,NA,NA,NA,NA,NA,NA,NA,NA,NA,NA,NA,NA,NA,NA,NA,NA,NA,NA,NA
27346,0,7,5,0,0,0,0,1,0,1,0,0,0,0,0,0,1,1,0,2,2.2,2.6
27351,1,3,3,1,0,0,1,1,0,0,0,0,0,1,0,1,1,1,1,2,1,3.6
30202,NA,NA,4,NA,NA,NA,NA,NA,NA,NA,NA,NA,NA,NA,NA,NA,NA,NA,NA,NA,NA,NA
30203,0,3,3,1,0,1,1,1,0,1,0,0,0,1,1,1,0,1,1,1,1,2.2
30204,0,4,4,1,0,1,1,1,0,0,1,0,0,0,0,0,0,0,1,1,1,4
30209,0,4,4,1,0,1,0,0,0,1,0,0,0,1,0,1,1,1,0,3,1.4,3.2
30210,0,4,4,0,0,0,0,1,0,1,0,0,1,0,0,1,0,0,1,1,1,3.4
30211,0,3,3,0,0,1,0,1,0,1,1,1,1,0,0,1,1,1,0,2,2.4,2.6
30214,0,3,3,0,0,0,1,0,1,0,1,0,1,0,0,1,1,1,0,4,1.2,3.4
30218,0,NA,3,NA,NA,NA,NA,NA,NA,NA,NA,NA,NA,NA,NA,NA,NA,NA,NA,NA,NA,NA
30301,1,4,4,0,0,1,0,1,1,0,1,1,1,1,1,1,1,1,1,1,1.4,3.2
30302,0,3,3,1,0,1,0,1,0,1,1,1,1,1,1,1,1,1,0,3,2.4,3
30303,0,3,3,1,0,0,0,0,0,0,0,0,0,0,0,0,0,1,1,1,2,2.6
30305,1,3,3,1,0,1,1,0,0,0,0,0,0,0,0,1,0,0,1,1,1.4,4
30308,1,4,4,1,0,1,0,1,0,0,0,0,0,0,0,0,0,0,0,3,1.4,2
30312,1,NA,5,NA,NA,NA,NA,NA,NA,NA,NA,NA,NA,NA,NA,NA,NA,NA,NA,NA,NA,NA
30318,1,NA,3,NA,NA,NA,NA,NA,NA,NA,NA,NA,NA,NA,NA,NA,NA,NA,NA,NA,NA,NA
30502,0,3,3,0,0,0,1,1,0,0,0,1,0,0,0,1,1,0,1,1,1.2,3
30503,0,3,3,1,0,0,0,0,0,0,0,0,0,0,0,0,0,0,0,3,1.2,3.2
30506,1,5,2,0,0,0,1,1,0,1,0,1,1,0,0,1,1,1,1,2,1,3.4
30507,0,3,3,1,0,1,1,1,0,1,1,1,1,1,1,1,1,1,1,1,1.8,3.2
30514,0,4,4,1,0,0,1,1,0,0,1,1,0,0,0,1,1,1,1,2,1,3.4
30515,1,2,2,0,0,0,1,0,0,1,0,0,0,0,0,0,1,0,1,3,2.8,2.2
30516,0,5,2,1,0,1,1,0,0,0,0,0,0,0,0,0,0,0,1,1,1.6,3.8
30518,0,4,4,0,0,1,0,1,0,1,0,1,1,0,0,1,1,0,1,3,1.6,3.6
30603,1,3,3,1,0,0,1,0,1,0,0,1,1,1,0,1,1,0,1,3,2.4,2.8
30605,1,3,3,1,1,0,0,1,0,0,1,1,0,1,0,0,1,0,0,5,2.2,2.8
30606,1,3,3,0,0,1,0,0,0,0,0,0,0,0,0,0,0,0,1,2,2.2,2.4
30607,1,3,3,1,0,1,1,1,1,1,0,1,0,1,0,1,1,1,1,2,2.4,2.8
30608,1,3,3,1,0,0,1,1,0,0,1,1,1,1,0,0,1,1,1,2,2,3.8
30609,1,4,4,0,0,1,0,1,1,1,1,0,1,0,1,1,1,1,0,4,3,2.4
30610,0,6,5,1,1,0,0,1,1,0,1,1,1,1,0,1,1,1,1,5,2.8,3
30611,1,3,3,0,0,1,0,0,1,1,0,1,0,0,0,1,1,1,1,3,1.6,3.4
30616,1,3,3,1,0,0,1,0,1,1,0,0,0,0,1,0,1,0,0,2,2.8,2.2
30618,1,3,3,1,0,1,1,0,0,0,1,1,1,0,0,1,1,0,1,2,1,3.4
30622,1,3,3,1,0,1,0,0,0,1,0,1,1,1,1,1,0,1,0,4,1,2.8
30625,1,3,3,0,0,0,0,0,1,1,0,0,0,1,0,0,0,0,1,2,2.8,2.2
30629,1,4,4,0,0,0,1,0,0,1,0,0,0,0,0,1,0,0,1,1,1.4,3.6
30632,0,3,3,0,0,0,0,0,0,0,0,0,0,0,0,0,0,0,1,1,1,3.8
30633,1,3,3,1,0,1,0,0,1,0,0,1,1,1,0,1,0,0,1,2,1.2,3.2
30640,1,3,3,0,0,0,0,0,1,0,0,0,0,0,0,0,1,1,1,4,2.8,1.6
30703,0,3,3,0,0,NA,1,0,0,1,0,1,1,0,0,1,0,0,1,NA,1.2,3.6
30708,0,1,1,1,0,0,1,0,0,1,1,1,1,1,1,1,1,0,1,3,1.2,3.6
30711,1,NA,3,NA,NA,NA,NA,NA,NA,NA,NA,NA,NA,NA,NA,NA,NA,NA,NA,NA,NA,NA
30713,0,4,4,0,0,0,NA,1,0,1,1,1,1,1,1,1,1,0,1,1,1.2,3.4
30724,1,4,4,0,0,0,0,0,0,1,0,0,0,0,0,0,0,0,1,2,1.6,2.8
30726,0,NA,3,NA,NA,NA,NA,NA,NA,NA,NA,NA,NA,NA,NA,NA,NA,NA,NA,NA,NA,NA
30728,1,NA,3,NA,NA,NA,NA,NA,NA,NA,NA,NA,NA,NA,NA,NA,NA,NA,NA,NA,NA,NA
30801,1,4,4,1,0,1,0,1,1,0,0,1,0,1,1,1,1,1,1,3,2.2,3.2
30802,0,NA,4,NA,NA,NA,NA,NA,NA,NA,NA,NA,NA,NA,NA,NA,NA,NA,NA,NA,NA,NA
30810,1,3,3,1,0,1,0,0,0,1,0,0,0,0,0,0,0,0,1,3,1,3.6
30811,1,4,4,0,0,1,0,1,0,1,0,0,0,0,0,0,0,0,0,2,2,2.6
30812,0,6,5,0,0,0,0,0,0,0,0,0,0,0,0,0,0,0,1,1,1.4,2
30815,1,3,3,0,0,0,1,0,0,0,0,0,0,0,0,1,0,0,0,1,1.4,2
30820,1,4,4,0,0,1,1,1,0,0,1,1,1,1,1,1,0,0,0,1,1.6,3.4
30823,1,3,3,0,1,0,0,0,0,1,0,0,0,0,0,1,1,0,0,4,3.4,2.2
30824,1,4,4,1,0,0,0,1,0,0,0,1,1,1,0,1,1,0,1,1,1,3.4
30827,0,3,3,0,0,0,0,0,0,1,0,0,0,0,0,0,0,0,1,NA,1,3.6
30828,1,NA,3,NA,NA,NA,NA,NA,NA,NA,NA,NA,NA,NA,NA,NA,NA,NA,NA,NA,NA,NA
30830,1,4,4,0,0,0,0,0,0,1,0,0,0,0,0,0,0,0,1,1,1.2,3
30832,1,3,3,0,0,1,0,1,0,0,0,1,0,0,1,1,1,1,1,3,1.6,3.2
30834,0,1,1,0,0,0,0,0,0,0,0,0,0,0,0,0,0,0,1,1,2,2.8
30903,0,3,3,0,0,0,0,0,0,1,0,0,0,0,0,0,0,0,1,1,2.8,2.2
30905,0,3,3,1,0,0,0,0,1,1,0,0,0,0,0,0,1,0,0,5,3.8,2
30907,1,5,2,NA,NA,NA,NA,NA,NA,NA,NA,NA,NA,NA,NA,NA,NA,NA,NA,NA,1,3.4
30908,1,NA,4,NA,NA,NA,NA,NA,NA,NA,NA,NA,NA,NA,NA,NA,NA,NA,NA,NA,NA,NA
30909,0,NA,5,NA,NA,NA,NA,NA,NA,NA,NA,NA,NA,NA,NA,NA,NA,NA,NA,NA,NA,NA
31004,0,3,3,0,0,1,0,0,0,1,0,0,0,0,0,0,0,0,0,4,2.2,1.8
31007,0,4,4,1,0,1,1,0,0,0,1,1,1,1,1,1,1,1,1,2,1,3.8
31011,1,3,3,0,0,0,1,1,1,0,0,0,0,0,1,1,0,0,1,3,2.6,2.4
31103,1,3,3,1,0,0,0,0,0,1,0,0,0,0,0,1,0,0,1,2,2.6,1.2
31104,1,3,3,1,0,1,0,0,1,0,1,1,0,1,0,1,1,0,0,2,1.2,3.2
31105,0,NA,4,NA,NA,NA,NA,NA,NA,NA,NA,NA,NA,NA,NA,NA,NA,NA,NA,NA,NA,NA
31108,1,8,5,1,0,1,0,0,0,1,0,0,0,0,0,0,0,0,1,5,1.4,3.2
31109,1,3,3,0,0,1,0,0,0,0,1,0,0,1,0,0,0,0,0,1,2,2.8
31110,1,4,4,1,0,0,0,0,1,1,0,0,0,1,0,0,0,0,1,5,1.6,3.6
31113,1,3,3,0,0,0,0,0,0,1,1,1,1,0,0,0,1,1,0,5,1.6,2.6
31115,0,7,5,0,0,1,0,1,0,0,1,1,1,1,1,1,1,1,1,2,1.6,3.2
31116,0,NA,4,NA,NA,NA,NA,NA,NA,NA,NA,NA,NA,NA,NA,NA,NA,NA,NA,NA,NA,NA
31117,0,NA,3,NA,NA,NA,NA,NA,NA,NA,NA,NA,NA,NA,NA,NA,NA,NA,NA,NA,NA,NA
31202,1,NA,2,NA,NA,NA,NA,NA,NA,NA,NA,NA,NA,NA,NA,NA,NA,NA,NA,NA,NA,NA
31204,0,3,3,1,0,1,1,1,0,0,1,1,1,1,1,1,1,1,1,1,1.6,3.4
31206,1,8,5,1,0,0,0,1,1,1,1,0,0,1,0,0,1,1,0,5,3.6,2.2
31207,1,5,2,1,1,1,1,1,0,0,1,1,1,1,1,1,1,1,0,4,1.4,4
31210,1,3,3,1,0,1,1,1,0,0,1,1,1,1,1,1,1,1,1,1,1.4,3.2
31214,1,3,3,0,0,1,0,0,0,0,0,1,1,0,1,0,1,1,0,4,2.4,3.4
31310,0,3,3,0,1,1,1,1,0,0,0,0,0,0,0,1,1,1,0,3,2.4,3.4
31313,0,NA,5,NA,NA,NA,NA,NA,NA,NA,NA,NA,NA,NA,NA,NA,NA,NA,NA,NA,NA,NA
31315,1,3,3,1,0,0,1,0,0,1,1,1,1,0,0,0,1,1,0,2,1,3.8
31404,0,NA,4,NA,NA,NA,NA,NA,NA,NA,NA,NA,NA,NA,NA,NA,NA,NA,NA,NA,NA,NA
31406,1,4,4,0,0,1,0,0,0,1,1,0,0,1,0,1,1,0,1,3,2.2,2.4
31413,0,4,4,0,0,0,0,0,0,0,0,0,0,0,0,0,0,0,1,1,1.6,3.4
31419,1,4,4,0,0,1,1,1,0,NA,0,1,0,0,0,1,1,0,1,1,1.4,3
31428,0,3,3,1,0,1,1,0,0,1,0,0,0,1,0,0,0,0,0,1,2,2.8
31430,0,4,4,0,0,1,0,1,0,1,1,0,0,1,0,0,0,1,1,3,2,2.75
31501,0,NA,4,NA,NA,NA,NA,NA,NA,NA,NA,NA,NA,NA,NA,NA,NA,NA,NA,NA,NA,NA
31503,0,4,4,1,0,1,0,1,0,1,1,1,1,1,0,1,0,0,0,1,1,4
31507,1,NA,4,NA,NA,NA,NA,NA,NA,NA,NA,NA,NA,NA,NA,NA,NA,NA,NA,NA,NA,NA
31598,1,4,4,1,0,0,1,1,0,1,0,0,1,0,0,1,0,1,0,1,1.2,3.6
31603,1,NA,5,NA,NA,NA,NA,NA,NA,NA,NA,NA,NA,NA,NA,NA,NA,NA,NA,NA,NA,NA
31604,1,4,4,0,0,0,0,0,0,0,0,0,1,1,1,1,0,0,1,1,1,3
31608,0,4,4,1,0,0,1,1,0,0,1,1,1,1,1,1,1,1,1,1,2,3.6
31610,0,4,4,1,0,1,0,1,0,0,0,1,1,0,1,1,1,1,1,2,1.6,3
31614,0,4,4,1,0,0,1,1,0,0,1,1,0,1,1,1,1,1,1,1,1,3.8
31615,1,4,4,0,0,0,0,0,0,1,0,0,0,0,0,0,0,0,1,3,1.8,2
31616,1,3,3,0,0,1,1,0,0,0,0,0,0,0,0,0,0,0,1,1,1.6,2.6
31619,0,1,1,0,0,0,1,1,0,0,1,1,1,0,0,1,1,0,1,2,1,3
32101,1,3,3,1,0,0,0,1,1,0,1,1,0,0,0,0,1,1,0,5,2.2,2.6
32103,1,3,3,1,0,0,0,0,0,0,0,1,1,1,0,1,1,1,0,3,1.8,3.8
32104,0,3,3,1,0,0,0,1,0,0,0,1,1,1,1,1,1,1,1,3,2.6,2.2
32105,0,NA,4,NA,NA,NA,NA,NA,NA,NA,NA,NA,NA,NA,NA,NA,NA,NA,NA,NA,NA,NA
32106,1,7,5,1,0,1,0,1,1,1,0,1,0,1,1,1,1,1,0,4,2.4,3
32107,1,3,3,1,0,0,0,1,1,0,1,1,1,1,1,1,1,1,1,2,2.4,3.2
32108,1,3,3,1,0,1,1,1,1,0,1,1,1,1,1,1,1,1,0,3,3,2.8
32110,0,8,5,0,0,0,1,1,0,0,0,1,0,0,0,1,1,0,1,2,1.4,3.2
32113,0,NA,3,NA,NA,NA,NA,NA,NA,NA,NA,NA,NA,NA,NA,NA,NA,NA,NA,NA,NA,NA
32115,1,NA,4,NA,NA,NA,NA,NA,NA,NA,NA,NA,NA,NA,NA,NA,NA,NA,NA,NA,NA,NA
32301,1,NA,3,NA,NA,NA,NA,NA,NA,NA,NA,NA,NA,NA,NA,NA,NA,NA,NA,NA,NA,NA
32303,0,3,3,1,1,1,1,1,1,0,1,1,1,0,1,1,1,1,1,4,3.8,1.8
32305,0,3,3,1,0,1,0,1,1,0,1,0,0,1,0,1,1,1,1,4,1,3.8
32307,0,4,4,1,0,1,0,0,0,0,0,0,0,0,0,1,0,0,1,1,1,2.8
32309,0,3,3,0,0,0,0,0,0,0,0,0,0,0,0,0,0,0,1,1,1.2,3.4
32310,1,3,3,0,0,0,0,0,1,1,1,0,0,0,0,0,1,0,1,3,2.6,2.6
32315,0,NA,3,NA,NA,NA,NA,NA,NA,NA,NA,NA,NA,NA,NA,NA,NA,NA,NA,NA,NA,NA
32316,1,NA,3,NA,NA,NA,NA,NA,NA,NA,NA,NA,NA,NA,NA,NA,NA,NA,NA,NA,NA,NA
32317,0,4,4,0,0,0,0,0,0,0,0,0,0,1,0,1,1,0,1,1,1,3.8
32319,1,3,3,1,0,1,1,1,0,0,1,1,1,1,1,1,1,1,0,1,2,3.2
32323,0,3,3,NA,NA,NA,NA,NA,NA,NA,NA,NA,NA,NA,NA,NA,NA,NA,NA,NA,NA,NA
32325,0,NA,3,NA,NA,NA,NA,NA,NA,NA,NA,NA,NA,NA,NA,NA,NA,NA,NA,NA,NA,NA
32602,0,3,3,1,0,0,0,0,0,1,0,0,0,0,0,0,0,0,1,1,1.8,2.4
32606,0,NA,3,NA,NA,NA,NA,NA,NA,NA,NA,NA,NA,NA,NA,NA,NA,NA,NA,NA,NA,NA
32607,0,NA,3,NA,NA,NA,NA,NA,NA,NA,NA,NA,NA,NA,NA,NA,NA,NA,NA,NA,NA,NA
32608,0,NA,3,NA,NA,NA,NA,NA,NA,NA,NA,NA,NA,NA,NA,NA,NA,NA,NA,NA,NA,NA
32609,1,NA,3,NA,NA,NA,NA,NA,NA,NA,NA,NA,NA,NA,NA,NA,NA,NA,NA,NA,NA,NA
32611,1,NA,4,NA,NA,NA,NA,NA,NA,NA,NA,NA,NA,NA,NA,NA,NA,NA,NA,NA,NA,NA
32614,1,3,3,1,0,1,1,1,0,0,0,0,0,0,0,0,0,0,0,3,2.8,3.6
33201,0,3,3,0,1,1,1,1,0,0,1,1,1,1,1,1,1,0,1,2,1.8,3.8
33205,0,3,3,0,0,0,1,0,0,1,0,0,0,0,1,0,0,0,1,2,2,2.4
33207,0,4,4,1,0,0,1,0,0,0,0,0,1,0,0,0,1,1,1,1,1.4,3.6
33209,NA,2,2,1,0,1,1,1,0,0,1,1,0,1,1,1,1,1,1,2,1.4,3.2
33211,0,3,3,1,1,0,1,1,0,0,1,1,0,1,1,1,0,1,0,2,2.6,2.2
33213,0,3,3,1,0,1,1,1,0,0,1,1,1,1,1,1,1,1,1,4,1,4
33214,1,4,4,1,0,0,0,0,0,0,0,0,0,0,0,0,0,0,1,NA,1.6,3.4
33215,0,5,2,1,0,0,0,0,0,1,0,0,0,0,0,0,0,0,1,1,2,1.4
33216,0,8,5,0,0,0,0,0,0,0,0,1,1,0,0,0,0,0,1,2,1,3.2
33219,0,5,2,0,0,0,0,0,0,0,1,1,1,1,0,0,1,0,1,2,1,3.4
33222,0,5,2,0,0,1,0,1,0,0,1,0,1,1,1,1,1,1,1,2,2.4,2.6
33223,0,8,5,0,0,0,0,0,0,0,0,0,0,0,0,0,0,0,1,NA,3.4,2.8
33224,0,3,3,1,0,0,1,1,0,0,1,1,1,1,1,1,1,1,0,3,1.6,3.4
34201,1,7,5,1,0,0,0,0,1,0,0,1,1,1,1,1,1,1,1,4,1.2,3.6
34208,0,3,3,0,0,1,0,0,0,0,0,0,0,0,0,0,0,0,1,4,2.4,2.4
34211,0,6,5,1,0,0,0,1,0,0,1,1,1,1,1,1,1,1,0,2,1,3
34213,0,4,4,0,0,0,0,0,0,1,NA,0,0,0,0,0,0,0,1,1,1.6,3.2
34214,0,3,3,0,1,1,1,1,1,1,0,0,1,1,1,0,1,1,1,3,2.6,1.8
34219,1,3,3,1,0,1,1,1,0,0,0,0,0,1,0,1,0,1,0,5,2.8,2.4
34221,0,NA,3,NA,NA,NA,NA,NA,NA,NA,NA,NA,NA,NA,NA,NA,NA,NA,NA,NA,NA,NA
34404,1,5,2,0,0,1,1,0,0,1,0,0,0,0,0,1,1,1,1,2,1.2,2.4
34405,1,6,5,0,0,0,1,1,1,1,0,0,0,0,0,0,0,0,0,5,2,3
34406,1,NA,2,NA,NA,NA,NA,NA,NA,NA,NA,NA,NA,NA,NA,NA,NA,NA,NA,NA,NA,NA
34407,1,3,3,0,0,1,1,1,0,0,1,1,1,1,0,1,1,1,0,2,1.2,3
34410,0,3,3,0,1,0,0,0,0,1,1,1,1,0,1,1,0,1,0,2,2.2,2.2
34416,1,3,3,0,0,1,1,0,0,1,1,1,0,1,1,1,1,0,0,2,1.8,3
34417,0,3,3,0,0,1,0,1,0,0,1,1,1,0,0,0,1,1,1,1,1.2,3.8
34502,0,4,4,0,0,1,0,1,0,0,0,1,1,1,1,1,1,1,1,2,2,3.8
34505,1,NA,1,NA,NA,NA,NA,NA,NA,NA,NA,NA,NA,NA,NA,NA,NA,NA,NA,NA,NA,NA
34506,1,3,3,1,0,0,0,0,1,1,1,0,0,0,0,1,1,1,0,3,2.8,3.4
34507,1,3,3,1,0,1,0,1,0,1,1,1,1,1,1,1,1,1,1,1,2.6,3.2
34508,0,4,4,1,0,1,1,1,0,0,1,1,1,1,1,1,1,1,1,2,1.2,3.6
34511,0,3,3,0,0,0,0,0,0,0,1,1,1,1,0,0,1,0,1,1,1.4,2.2
34513,1,1,1,1,1,1,1,1,1,0,1,1,1,1,1,1,1,1,1,4,1.4,3.2
34515,0,4,4,0,0,1,1,0,1,1,0,0,0,0,0,0,0,0,1,1,1.8,3.6
34518,1,4,4,1,0,0,0,1,0,0,1,1,1,1,0,0,1,1,0,4,1.4,3.2
34702,1,8,5,0,0,1,1,0,0,0,0,0,0,0,0,0,0,0,0,3,1.8,2.4
34705,0,1,1,1,0,0,0,1,0,0,1,1,0,1,0,1,1,1,0,3,2.4,2.6
34706,0,3,3,0,0,0,1,1,0,0,NA,1,0,0,1,1,1,0,0,2,1.6,3.4
34707,NA,3,3,0,1,0,0,0,0,1,1,1,1,1,1,1,1,0,NA,1,1.8,2.4
34712,1,1,1,1,0,0,0,0,0,0,0,0,0,0,0,0,0,0,1,1,1.6,3.4
34714,0,4,4,0,0,1,0,1,0,0,1,1,1,1,0,1,1,1,1,2,1,3
34715,0,3,3,0,0,0,0,1,0,0,0,1,1,1,0,1,0,0,1,2,1,3
34801,1,4,4,1,0,0,0,1,0,1,1,1,0,1,0,0,1,1,1,2,2,3
34803,0,3,3,1,0,1,0,0,0,0,0,0,0,0,0,1,1,0,0,3,1,3.6
34807,1,3,3,1,1,1,1,1,1,0,1,1,1,1,1,1,1,1,0,2,1.6,2.8
34811,1,7,5,0,0,0,0,1,0,1,0,1,0,0,0,0,0,1,1,5,2.4,2.6
34814,0,3,3,1,0,1,0,1,0,0,1,1,1,1,1,1,1,0,1,1,1.6,3
34820,1,3,3,1,0,1,0,1,0,0,1,1,1,1,1,1,0,1,1,1,1.2,4
35301,1,3,3,0,0,1,0,1,1,1,0,0,0,0,0,1,1,1,0,2,2.4,2.2
35315,1,4,4,1,0,NA,0,1,1,0,0,0,0,0,0,0,1,1,0,4,2.4,3
35319,0,3,3,0,0,1,1,0,0,1,0,0,0,0,0,1,1,0,1,1,1,3.6
35323,1,3,3,1,0,1,1,1,0,0,1,1,1,1,1,1,1,1,1,2,1.4,4
35324,1,3,3,0,0,0,0,0,0,1,0,0,0,0,0,0,0,NA,1,NA,1.6,3.2
35401,0,3,3,0,0,1,0,0,0,1,0,0,0,0,0,0,0,1,1,3,1.2,2.6
35402,1,3,3,0,0,1,0,0,0,1,1,0,0,1,0,0,0,0,1,3,2,3.4
35411,1,3,3,0,0,1,1,1,0,0,1,1,1,1,0,1,1,1,1,2,1.2,2.8
35412,1,3,3,1,0,1,1,1,0,1,1,1,1,1,1,1,1,1,0,1,1,4
35413,0,3,3,1,0,0,0,0,0,1,0,0,0,0,0,0,0,0,1,1,1.4,4
35415,1,5,2,1,0,0,1,0,0,0,0,1,0,1,0,1,1,0,1,2,2.2,3.2
35511,1,3,3,1,0,1,0,1,0,0,1,1,1,1,1,1,1,1,1,2,1,3.8
35512,0,NA,3,NA,NA,NA,NA,NA,NA,NA,NA,NA,NA,NA,NA,NA,NA,NA,NA,NA,NA,NA
35514,0,4,4,1,0,1,1,0,0,0,0,1,0,1,0,1,1,1,1,2,1.8,3.4
35515,1,NA,3,NA,NA,NA,NA,NA,NA,NA,NA,NA,NA,NA,NA,NA,NA,NA,NA,NA,NA,NA
35520,1,2,2,1,0,0,1,1,0,0,1,1,1,1,1,1,1,1,1,1,1,3.8
36102,1,3,3,1,0,1,1,1,0,1,1,1,1,1,1,1,1,1,1,2,1.8,4
36104,1,3,3,1,0,1,1,0,1,1,1,1,1,1,0,1,NA,0,1,4,3.8,2.4
36106,0,4,4,0,0,0,0,0,0,1,0,0,0,0,0,0,0,0,1,NA,1,3.2
36116,1,3,3,0,0,0,0,0,0,0,0,0,0,0,0,0,0,0,1,3,1.6,2
36117,0,3,3,0,0,0,0,0,0,1,1,0,1,1,1,1,0,1,0,3,1,3.8
36607,0,6,5,0,0,0,0,0,1,1,0,0,0,0,0,0,0,1,0,4,2.8,2.2
36612,0,3,3,1,0,1,1,0,0,1,0,0,0,1,0,1,0,1,1,2,1,3.6
36615,0,NA,3,NA,NA,NA,NA,NA,NA,NA,NA,NA,NA,NA,NA,NA,NA,NA,NA,NA,NA,NA
36617,0,3,3,1,0,1,1,0,0,1,1,1,1,1,0,1,0,1,1,2,2,3.2
36702,1,2,2,1,0,1,0,1,0,0,1,1,1,1,0,1,1,1,1,NA,1,3.8
36703,0,4,4,0,0,0,0,1,0,0,0,1,1,1,0,1,1,0,1,2,1,4
36706,1,3,3,0,0,0,0,0,0,0,0,0,0,0,0,0,0,0,1,NA,1,3.2
36709,1,3,3,1,0,1,1,0,0,1,1,0,1,NA,NA,1,1,NA,1,1,1.2,3.25
36710,0,4,4,0,0,1,1,0,1,0,0,0,1,0,0,0,0,0,1,3,1,4
36711,0,3,3,1,0,0,1,1,0,0,1,1,1,1,1,1,1,1,0,4,1.4,2.8
36713,1,8,5,0,0,1,0,1,0,1,1,0,0,1,0,1,1,1,1,4,2,3
36715,0,4,4,0,1,1,1,1,1,1,1,1,1,1,1,1,1,1,1,1,1.4,3.8
36802,0,NA,4,NA,NA,NA,NA,NA,NA,NA,NA,NA,NA,NA,NA,NA,NA,NA,NA,NA,NA,NA
36803,1,3,3,1,0,1,1,1,0,0,1,1,1,1,1,1,1,1,1,3,2,4
36804,0,3,3,0,0,0,0,0,0,1,0,0,0,0,0,0,0,0,1,1,1,3.6
36805,0,3,3,0,0,0,1,1,0,0,0,0,0,0,0,0,0,0,1,2,3,2.8
36810,0,3,3,1,0,0,0,1,0,0,1,1,1,1,1,1,1,0,1,2,1,3
36813,NA,8,5,1,0,0,1,1,0,0,0,1,1,1,1,1,1,1,1,1,1.4,2.4
36815,1,4,4,1,0,0,0,0,0,1,0,0,0,0,0,0,0,0,1,4,1.4,2.6
37003,0,3,3,0,0,1,1,0,0,1,0,1,0,1,1,1,0,1,1,3,2,3
37006,1,3,3,0,0,1,0,0,0,1,0,0,0,0,0,0,0,0,1,1,2,1.6
37010,0,3,3,1,0,0,1,1,0,0,0,1,1,1,0,1,1,1,1,4,1.8,3.4
37014,1,3,3,1,0,1,1,1,0,0,1,1,0,0,0,1,1,1,1,2,1.2,3
37017,0,4,4,1,0,1,1,1,0,0,0,1,1,1,1,1,1,0,1,2,1.2,4
37019,0,NA,4,NA,NA,NA,NA,NA,NA,NA,NA,NA,NA,NA,NA,NA,NA,NA,NA,NA,NA,NA
37028,1,NA,4,NA,NA,NA,NA,NA,NA,NA,NA,NA,NA,NA,NA,NA,NA,NA,NA,NA,NA,NA
37029,0,NA,4,NA,NA,NA,NA,NA,NA,NA,NA,NA,NA,NA,NA,NA,NA,NA,NA,NA,NA,NA
37041,0,4,4,0,0,0,0,0,0,1,0,0,0,1,1,0,0,0,1,1,1,3
37045,0,4,4,0,0,1,0,1,0,0,1,1,0,0,0,1,1,1,1,2,2.2,2.8
37048,1,4,4,0,0,1,0,1,0,0,1,1,1,1,0,1,0,1,1,3,2,2.6
